{"(-0.0002, 0.004]":2451,"(0.004, 0.00799]":1079,"(0.00799, 0.012]":913,"(0.012, 0.016]":562,"(0.016, 0.02]":515,"(0.02, 0.024]":419,"(0.028, 0.032]":388,"(0.032, 0.036]":343,"(0.024, 0.028]":335,"(0.044, 0.048]":329,"(0.036, 0.04]":296,"(0.056, 0.06]":277,"(0.04, 0.044]":244,"(0.052, 0.056]":243,"(0.06, 0.064]":210,"(0.048, 0.052]":209,"(0.068, 0.072]":189,"(0.112, 0.116]":169,"(0.0919, 0.0959]":159,"(0.064, 0.068]":156,"(0.072, 0.076]":156,"(0.0839, 0.0879]":153,"(0.076, 0.0799]":144,"(0.0799, 0.0839]":143,"(0.12, 0.124]":125,"(0.0879, 0.0919]":123,"(0.0959, 0.0999]":123,"(0.108, 0.112]":120,"(0.148, 0.152]":113,"(0.136, 0.14]":109,"(0.0999, 0.104]":102,"(0.124, 0.128]":101,"(0.104, 0.108]":99,"(0.164, 0.168]":98,"(0.116, 0.12]":97,"(0.152, 0.156]":96,"(0.176, 0.18]":95,"(0.188, 0.192]":92,"(0.172, 0.176]":85,"(0.184, 0.188]":80,"(0.18, 0.184]":76,"(0.144, 0.148]":74,"(0.132, 0.136]":67,"(0.128, 0.132]":66,"(0.16, 0.164]":64,"(0.168, 0.172]":63,"(0.156, 0.16]":58,"(0.14, 0.144]":58,"(0.196, 0.2]":53,"(0.192, 0.196]":49}