{"(0.0422, 0.0461]":11,"(0.0461, 0.0499]":11,"(0.00782, 0.0116]":11,"(0.0116, 0.0155]":11,"(0.0193, 0.0231]":11,"(0.00399, 0.00782]":10,"(0.0499, 0.0537]":9,"(-2.33e-05, 0.00399]":9,"(0.0269, 0.0308]":9,"(0.0537, 0.0575]":8,"(0.0384, 0.0422]":7,"(0.0575, 0.0614]":7,"(0.0308, 0.0346]":6,"(0.0231, 0.0269]":6,"(0.0614, 0.0652]":6,"(0.0652, 0.069]":6,"(0.0155, 0.0193]":6,"(0.0805, 0.0843]":6,"(0.0843, 0.0881]":6,"(0.0346, 0.0384]":5,"(0.0881, 0.0919]":5,"(0.069, 0.0728]":5,"(0.0996, 0.103]":5,"(0.0958, 0.0996]":4,"(0.0767, 0.0805]":4,"(0.126, 0.13]":3,"(0.0728, 0.0767]":3,"(0.157, 0.161]":3,"(0.111, 0.115]":3,"(0.0919, 0.0958]":2,"(0.153, 0.157]":2,"(0.138, 0.142]":2,"(0.134, 0.138]":2,"(0.13, 0.134]":2,"(0.123, 0.126]":2,"(0.119, 0.123]":2,"(0.115, 0.119]":2,"(0.107, 0.111]":2,"(0.103, 0.107]":2,"(0.165, 0.168]":2,"(0.168, 0.172]":1,"(0.18, 0.184]":1,"(0.176, 0.18]":1,"(0.172, 0.176]":1,"(0.142, 0.145]":1,"(0.161, 0.165]":1,"(0.149, 0.153]":1,"(0.188, 0.191]":1,"(0.145, 0.149]":0,"(0.184, 0.188]":0}