{"(0.0043, 0.00813]":18,"(0.00813, 0.012]":17,"(0.0541, 0.0579]":17,"(0.000282, 0.0043]":15,"(0.0234, 0.0273]":12,"(0.0349, 0.0388]":11,"(0.012, 0.0158]":11,"(0.0388, 0.0426]":11,"(0.0694, 0.0732]":9,"(0.0502, 0.0541]":8,"(0.0273, 0.0311]":8,"(0.0579, 0.0617]":8,"(0.0311, 0.0349]":7,"(0.0196, 0.0234]":7,"(0.0158, 0.0196]":7,"(0.0847, 0.0885]":6,"(0.119, 0.123]":6,"(0.0962, 0.1]":6,"(0.0617, 0.0655]":6,"(0.0885, 0.0923]":6,"(0.0655, 0.0694]":5,"(0.0464, 0.0502]":5,"(0.0732, 0.077]":5,"(0.0426, 0.0464]":5,"(0.0809, 0.0847]":4,"(0.0923, 0.0962]":4,"(0.173, 0.177]":4,"(0.108, 0.111]":4,"(0.115, 0.119]":4,"(0.169, 0.173]":4,"(0.18, 0.184]":4,"(0.15, 0.154]":3,"(0.104, 0.108]":3,"(0.111, 0.115]":3,"(0.123, 0.127]":3,"(0.138, 0.142]":3,"(0.177, 0.18]":3,"(0.184, 0.188]":2,"(0.157, 0.161]":2,"(0.154, 0.157]":2,"(0.131, 0.134]":2,"(0.146, 0.15]":2,"(0.127, 0.131]":2,"(0.077, 0.0809]":2,"(0.165, 0.169]":2,"(0.142, 0.146]":1,"(0.161, 0.165]":1,"(0.1, 0.104]":1,"(0.188, 0.192]":1,"(0.134, 0.138]":0}