{"(0.00403, 0.00799]":59,"(-0.000132, 0.00403]":46,"(0.00799, 0.0119]":39,"(0.0119, 0.0159]":24,"(0.0199, 0.0238]":22,"(0.0555, 0.0595]":19,"(0.0159, 0.0199]":18,"(0.0238, 0.0278]":18,"(0.0278, 0.0317]":18,"(0.0436, 0.0476]":18,"(0.0397, 0.0436]":17,"(0.0515, 0.0555]":15,"(0.0872, 0.0911]":14,"(0.0317, 0.0357]":13,"(0.0357, 0.0397]":13,"(0.0476, 0.0515]":13,"(0.0951, 0.0991]":13,"(0.0793, 0.0832]":12,"(0.127, 0.131]":11,"(0.0595, 0.0634]":11,"(0.103, 0.107]":11,"(0.0753, 0.0793]":11,"(0.115, 0.119]":10,"(0.0991, 0.103]":10,"(0.0674, 0.0713]":10,"(0.0713, 0.0753]":9,"(0.107, 0.111]":8,"(0.0911, 0.0951]":8,"(0.131, 0.135]":8,"(0.119, 0.123]":7,"(0.0832, 0.0872]":7,"(0.0634, 0.0674]":6,"(0.158, 0.162]":5,"(0.139, 0.143]":5,"(0.182, 0.186]":5,"(0.17, 0.174]":4,"(0.111, 0.115]":4,"(0.186, 0.19]":4,"(0.143, 0.147]":4,"(0.151, 0.154]":4,"(0.154, 0.158]":4,"(0.178, 0.182]":4,"(0.166, 0.17]":4,"(0.174, 0.178]":3,"(0.194, 0.198]":3,"(0.123, 0.127]":3,"(0.135, 0.139]":3,"(0.19, 0.194]":2,"(0.147, 0.151]":1,"(0.162, 0.166]":0}