{"(0.00804, 0.012]":60,"(-0.000132, 0.00406]":45,"(0.00406, 0.00804]":45,"(0.012, 0.016]":32,"(0.028, 0.032]":30,"(0.02, 0.024]":29,"(0.0519, 0.0559]":28,"(0.016, 0.02]":27,"(0.036, 0.0399]":24,"(0.0559, 0.0599]":23,"(0.024, 0.028]":23,"(0.0399, 0.0439]":22,"(0.0479, 0.0519]":21,"(0.0639, 0.0679]":21,"(0.032, 0.036]":20,"(0.0439, 0.0479]":20,"(0.0599, 0.0639]":19,"(0.0679, 0.0718]":19,"(0.0838, 0.0878]":17,"(0.0958, 0.0998]":17,"(0.0798, 0.0838]":17,"(0.0758, 0.0798]":15,"(0.168, 0.172]":14,"(0.128, 0.132]":14,"(0.104, 0.108]":14,"(0.0878, 0.0918]":13,"(0.108, 0.112]":12,"(0.112, 0.116]":12,"(0.136, 0.14]":11,"(0.0998, 0.104]":11,"(0.0718, 0.0758]":11,"(0.184, 0.187]":9,"(0.0918, 0.0958]":9,"(0.124, 0.128]":9,"(0.12, 0.124]":8,"(0.152, 0.156]":8,"(0.187, 0.191]":8,"(0.16, 0.164]":8,"(0.156, 0.16]":7,"(0.164, 0.168]":7,"(0.14, 0.144]":7,"(0.172, 0.176]":7,"(0.132, 0.136]":7,"(0.116, 0.12]":7,"(0.195, 0.199]":7,"(0.18, 0.184]":6,"(0.191, 0.195]":5,"(0.148, 0.152]":4,"(0.144, 0.148]":4,"(0.176, 0.18]":4}