{"(0.118, 0.121]":6,"(0.0518, 0.0555]":6,"(0.0115, 0.0151]":5,"(0.0078, 0.0115]":4,"(0.0225, 0.0261]":4,"(0.0261, 0.0298]":4,"(0.0555, 0.0591]":4,"(0.18, 0.184]":3,"(0.173, 0.176]":3,"(0.0371, 0.0408]":3,"(0.0445, 0.0481]":3,"(0.0665, 0.0701]":3,"(0.00414, 0.0078]":2,"(0.0151, 0.0188]":2,"(0.0481, 0.0518]":2,"(0.176, 0.18]":2,"(0.0884, 0.0921]":2,"(0.121, 0.125]":2,"(0.154, 0.158]":2,"(0.151, 0.154]":2,"(0.0701, 0.0738]":1,"(0.169, 0.173]":1,"(0.165, 0.169]":1,"(0.0188, 0.0225]":1,"(0.0298, 0.0335]":1,"(0.0408, 0.0445]":1,"(0.14, 0.143]":1,"(0.132, 0.136]":1,"(0.114, 0.118]":1,"(0.129, 0.132]":1,"(0.0591, 0.0628]":1,"(0.0738, 0.0774]":1,"(0.125, 0.129]":1,"(0.11, 0.114]":1,"(0.0994, 0.103]":1,"(0.0958, 0.0994]":1,"(0.000291, 0.00414]":1,"(0.0848, 0.0884]":1,"(0.0811, 0.0848]":1,"(0.0774, 0.0811]":1,"(0.143, 0.147]":0,"(0.147, 0.151]":0,"(0.0628, 0.0665]":0,"(0.0921, 0.0958]":0,"(0.136, 0.14]":0,"(0.103, 0.107]":0,"(0.158, 0.162]":0,"(0.162, 0.165]":0,"(0.107, 0.11]":0,"(0.0335, 0.0371]":0}